<?xml version="1.0" encoding="UTF-8"?>
<project-private xmlns="http://www.netbeans.org/ns/project-private/1">
    <editor-bookmarks xmlns="http://www.netbeans.org/ns/editor-bookmarks/2" lastBookmarkId="0"/>
    <open-files xmlns="http://www.netbeans.org/ns/projectui-open-files/2">
        <group>
            <file>file:/G:/JAVA%20ADV%20ASSIGNMENTS/Excercise%20Solutions/Chptr16_Ex1_admin/web/admin/login.html</file>
            <file>file:/G:/JAVA%20ADV%20ASSIGNMENTS/Excercise%20Solutions/Chptr16_Ex1_admin/web/admin/index.jsp</file>
            <file>file:/G:/JAVA%20ADV%20ASSIGNMENTS/Excercise%20Solutions/Chptr16_Ex1_admin/web/admin/orders.jsp</file>
            <file>file:/G:/JAVA%20ADV%20ASSIGNMENTS/Excercise%20Solutions/Chptr16_Ex1_admin/web/admin/login_error.html</file>
            <file>file:/G:/JAVA%20ADV%20ASSIGNMENTS/Excercise%20Solutions/Chptr16_Ex1_admin/web/admin/reports.htm</file>
            <file>file:/G:/JAVA%20ADV%20ASSIGNMENTS/Excercise%20Solutions/Chptr16_Ex1_admin/web/WEB-INF/web.xml</file>
            <file>file:/G:/JAVA%20ADV%20ASSIGNMENTS/Excercise%20Solutions/Chptr16_Ex1_admin/web/META-INF/context.xml</file>
        </group>
    </open-files>
</project-private>
